{"cameraMode":{"drawMode":0,"name":"Shaded","section":"Shading Mode"},"sceneLighting":false,"audioPlay":false,"sceneViewState":{"showFog":true,"showMaterialUpdate":false,"showSkybox":false,"showFlares":true,"showImageEffects":true,"showParticleSystems":true},"in2DMode":false,"pivot":{"x":9.869999885559082,"y":0.8500000238418579,"z":0.0},"rotation":{"x":-0.10660659521818161,"y":0.002084523905068636,"z":-0.00022486560919787735,"w":-0.9942991137504578},"size":4.118031978607178,"orthographic":false}