{"cameraMode":{"drawMode":0,"name":"Shaded","section":"Shading Mode"},"sceneLighting":true,"audioPlay":false,"sceneViewState":{"showFog":true,"showMaterialUpdate":false,"showSkybox":true,"showFlares":true,"showImageEffects":true,"showParticleSystems":true},"in2DMode":false,"pivot":{"x":2.008923292160034,"y":5.207216739654541,"z":1.3113842010498047},"rotation":{"x":-0.13935478031635285,"y":-0.0008947671740315855,"z":0.00012463482562452555,"w":-0.9902421236038208},"size":18.392885208129884,"orthographic":false}